772241685, Angelus Nex
586773787, Bad Pappy
232787577, Bestorama
712178219, BlockDesperado
259536663, Cathers
522482114, CipherNine9
885185973, coori
618561263, crazytaco
291137984, Cyan Sparrow
597364465, D4rth M4ul
525625286, Dasherga
999884317, DBCooper
118911358, Emberwild
844269132, En Brigar
335848179, ERIC SEABLADE
392281316, FartMaster
741789777, Fear the Reaper
736962369, Frog
171487972, gamerigo17
299546698, Gladio Oppresso
675513975, gnz
752275445, Grimaldi
935911688, Jordey Dathas
727493627, kristilovescake
375726955, Kriz
971493681, Lacutas
979766842, LetQuigonsbeQuigons
525838493, lil' Q
519669766, Miahalex420
969762654, mko
434964825, NightWalker
678647235, Nivek Balock
472992236, Orleans the First
249321927, Phanatic
873257688, process
719763419, RamblinAlaskan7
319315251, Sinidius
456156467, SLOAN
283853454, Sparklelord
859729991, Sparklemissus
157422433, Spike9660
567934855, Taco
451533751, Taffyforce
343324912, Terja Washr
585335832, Thorongil
562366335, TrishLord99
347165216, ViperPete
977331426, Wolfe
611194331, zepplin
596175394, Zoo Nami
